[{"email":"raphael@voila.com","fullname":"Raphael Baroni"},{"email":"jkj@herenqn.com","fullname":"JK Roling"},{"email":"baroni@gmail.com","fullname":"Mister Baroni"},{"email":"raphi.baroni@gmail.com","fullname":null},{"email":"kati.takacs@gmail.com","fullname":"Superwoman"},{"email":"sarane@vaud.ch","fullname":"Sarane Estra"},{"email":"superadmin@ici.com","fullname":"Super User"},{"email":"marianne.vauth@iiideux.fr","fullname":"Marianne Vauth"},{"email":"last@here.voil","fullname":"Last Human"},{"email":"fresh@voici.com","fullname":"Fresh Man"},{"email":"SuperAdmin@power.com","fullname":"Super Big Admin"},{"email":"lastbut@not.leas","fullname":"Last but Not"},{"email":"istvan.grey@free.fr","fullname":"Istvan Grey"}]