<?xml version="1.0" encoding="UTF-8" standalone="no"?><trajet depart="MALIBRAN" destination="ALMA" duree="20" nbTroncons="13"><deplacement arrivee="BLYCKAERTS" attenteMoyenne="0" depart="MALIBRAN" direction="GARE CENTRALE" duree="1" nbTroncon="1" type="bus">N10</deplacement><deplacement arrivee="JOURDAN" attenteMoyenne="0" depart="BLYCKAERTS" direction="AMBIORIX" duree="4" nbTroncon="2" type="bus">60</deplacement><deplacement arrivee="SCHUMAN" attenteMoyenne="0" depart="JOURDAN" direction="MUSEE DU TRAM" duree="2" nbTroncon="2" type="bus">N06</deplacement><deplacement arrivee="ALMA" attenteMoyenne="0" depart="SCHUMAN" direction="STOCKEL" duree="13" nbTroncon="8" type="metro">1</deplacement></trajet>