<?xml version="1.0" encoding="UTF-8" standalone="no"?><trajet depart="MALIBRAN" destination="ALMA" duree="132" nbTroncons="12"><deplacement arrivee="BLYCKAERTS" attenteMoyenne="4" depart="MALIBRAN" direction="DE BROUCKERE" duree="2" nbTroncon="1" type="bus">71</deplacement><deplacement arrivee="IDALIE" attenteMoyenne="36" depart="BLYCKAERTS" direction="GARE CENTRALE" duree="2" nbTroncon="1" type="bus">N09</deplacement><deplacement arrivee="LUXEMBOURG" attenteMoyenne="4" depart="IDALIE" direction="DE BROUCKERE" duree="1" nbTroncon="1" type="bus">71</deplacement><deplacement arrivee="SCHUMAN" attenteMoyenne="6" depart="LUXEMBOURG" direction="BRUSSELS AIRPORT" duree="6" nbTroncon="1" type="bus">12</deplacement><deplacement arrivee="MERODE" attenteMoyenne="8" depart="SCHUMAN" direction="STOCKEL" duree="2" nbTroncon="1" type="metro">1</deplacement><deplacement arrivee="MONTGOMERY" attenteMoyenne="18" depart="MERODE" direction="MONTGOMERY" duree="3" nbTroncon="1" type="bus">61</deplacement><deplacement arrivee="VANDERVELDE" attenteMoyenne="8" depart="MONTGOMERY" direction="STOCKEL" duree="8" nbTroncon="5" type="metro">1</deplacement><deplacement arrivee="ALMA" attenteMoyenne="22" depart="VANDERVELDE" direction="KRAAINEM" duree="2" nbTroncon="1" type="bus">N05</deplacement></trajet>